tag,step,value
eval/explore_time_s,2048,191.0
eval/explore_time_s,10240,141.5
eval/explore_time_s,20480,86.0
eval/explore_time_s,30720,67.0
eval/explore_time_s,40960,67.0
eval/explore_time_s,51200,67.0
eval/explore_time_s,61440,67.0
eval/explore_time_s,71680,67.0
eval/explore_time_s,81920,67.0
eval/explore_time_s,90112,67.0
eval/explore_time_s,100352,67.0
eval/explore_time_s,110592,67.0
eval/explore_time_s,120832,67.0
eval/explore_time_s,131072,67.0
eval/explore_time_s,141312,67.0
eval/explore_time_s,151552,67.0
eval/explore_time_s,161792,67.0
eval/explore_time_s,172032,67.0
eval/explore_time_s,180224,67.0
eval/explore_time_s,190464,67.0
eval/explore_time_s,200704,67.0
eval/explore_time_s,210944,67.0
eval/explore_time_s,221184,67.0
eval/explore_time_s,231424,67.0
eval/explore_time_s,241664,67.0
eval/explore_time_s,251904,67.0
eval/explore_time_s,260096,67.0
eval/explore_time_s,270336,67.0
eval/explore_time_s,280576,67.0
eval/explore_time_s,290816,67.0
eval/explore_time_s,301056,67.0
eval/return,2048,0.5732499957084656
eval/return,10240,1.0552500486373901
eval/return,20480,1.6237499713897705
eval/return,30720,1.809749960899353
eval/return,40960,1.8079999685287476
eval/return,51200,1.809749960899353
eval/return,61440,1.809749960899353
eval/return,71680,1.809749960899353
eval/return,81920,1.809749960899353
eval/return,90112,1.809749960899353
eval/return,100352,1.809749960899353
eval/return,110592,1.809749960899353
eval/return,120832,1.809749960899353
eval/return,131072,1.809749960899353
eval/return,141312,1.809749960899353
eval/return,151552,1.809749960899353
eval/return,161792,1.809749960899353
eval/return,172032,1.809749960899353
eval/return,180224,1.809749960899353
eval/return,190464,1.809749960899353
eval/return,200704,1.809749960899353
eval/return,210944,1.809749960899353
eval/return,221184,1.809749960899353
eval/return,231424,1.809749960899353
eval/return,241664,1.809749960899353
eval/return,251904,1.809749960899353
eval/return,260096,1.809749960899353
eval/return,270336,1.809749960899353
eval/return,280576,1.809749960899353
eval/return,290816,1.809749960899353
eval/return,301056,1.809749960899353
rollout/ep_len_mean,2048,7.809999942779541
rollout/ep_len_mean,4096,7.789999961853027
rollout/ep_len_mean,6144,8.050000190734863
rollout/ep_len_mean,8192,7.760000228881836
rollout/ep_len_mean,10240,7.929999828338623
rollout/ep_len_mean,12288,7.949999809265137
rollout/ep_len_mean,14336,7.789999961853027
rollout/ep_len_mean,16384,8.100000381469727
rollout/ep_len_mean,18432,7.980000019073486
rollout/ep_len_mean,20480,7.760000228881836
rollout/ep_len_mean,22528,7.760000228881836
rollout/ep_len_mean,24576,7.480000019073486
rollout/ep_len_mean,26624,7.489999771118164
rollout/ep_len_mean,28672,7.320000171661377
rollout/ep_len_mean,30720,7.210000038146973
rollout/ep_len_mean,32768,6.840000152587891
rollout/ep_len_mean,34816,6.789999961853027
rollout/ep_len_mean,36864,6.670000076293945
rollout/ep_len_mean,38912,6.510000228881836
rollout/ep_len_mean,40960,6.349999904632568
rollout/ep_len_mean,43008,6.420000076293945
rollout/ep_len_mean,45056,6.46999979019165
rollout/ep_len_mean,47104,6.550000190734863
rollout/ep_len_mean,49152,6.789999961853027
rollout/ep_len_mean,51200,6.829999923706055
rollout/ep_len_mean,53248,6.920000076293945
rollout/ep_len_mean,55296,6.989999771118164
rollout/ep_len_mean,57344,7.0
rollout/ep_len_mean,59392,6.989999771118164
rollout/ep_len_mean,61440,7.0
rollout/ep_len_mean,63488,7.0
rollout/ep_len_mean,65536,7.0
rollout/ep_len_mean,67584,7.0
rollout/ep_len_mean,69632,7.0
rollout/ep_len_mean,71680,7.0
rollout/ep_len_mean,73728,7.0
rollout/ep_len_mean,75776,7.0
rollout/ep_len_mean,77824,7.010000228881836
rollout/ep_len_mean,79872,7.0
rollout/ep_len_mean,81920,7.0
rollout/ep_len_mean,83968,6.989999771118164
rollout/ep_len_mean,86016,7.0
rollout/ep_len_mean,88064,7.0
rollout/ep_len_mean,90112,7.0
rollout/ep_len_mean,92160,7.0
rollout/ep_len_mean,94208,7.0
rollout/ep_len_mean,96256,7.0
rollout/ep_len_mean,98304,7.0
rollout/ep_len_mean,100352,7.0
rollout/ep_len_mean,102400,7.0
rollout/ep_len_mean,104448,7.0
rollout/ep_len_mean,106496,7.0
rollout/ep_len_mean,108544,7.0
rollout/ep_len_mean,110592,7.0
rollout/ep_len_mean,112640,7.0
rollout/ep_len_mean,114688,7.0
rollout/ep_len_mean,116736,7.0
rollout/ep_len_mean,118784,7.0
rollout/ep_len_mean,120832,7.0
rollout/ep_len_mean,122880,7.0
rollout/ep_len_mean,124928,7.0
rollout/ep_len_mean,126976,7.0
rollout/ep_len_mean,129024,7.0
rollout/ep_len_mean,131072,7.0
rollout/ep_len_mean,133120,7.0
rollout/ep_len_mean,135168,7.0
rollout/ep_len_mean,137216,7.0
rollout/ep_len_mean,139264,7.0
rollout/ep_len_mean,141312,7.0
rollout/ep_len_mean,143360,7.0
rollout/ep_len_mean,145408,7.0
rollout/ep_len_mean,147456,7.0
rollout/ep_len_mean,149504,7.0
rollout/ep_len_mean,151552,7.0
rollout/ep_len_mean,153600,7.0
rollout/ep_len_mean,155648,7.0
rollout/ep_len_mean,157696,7.0
rollout/ep_len_mean,159744,7.0
rollout/ep_len_mean,161792,7.0
rollout/ep_len_mean,163840,7.0
rollout/ep_len_mean,165888,7.0
rollout/ep_len_mean,167936,7.0
rollout/ep_len_mean,169984,7.0
rollout/ep_len_mean,172032,7.0
rollout/ep_len_mean,174080,7.0
rollout/ep_len_mean,176128,7.0
rollout/ep_len_mean,178176,7.0
rollout/ep_len_mean,180224,7.0
rollout/ep_len_mean,182272,7.0
rollout/ep_len_mean,184320,7.010000228881836
rollout/ep_len_mean,186368,7.0
rollout/ep_len_mean,188416,7.0
rollout/ep_len_mean,190464,7.0
rollout/ep_len_mean,192512,7.0
rollout/ep_len_mean,194560,7.0
rollout/ep_len_mean,196608,7.0
rollout/ep_len_mean,198656,7.0
rollout/ep_len_mean,200704,7.0
rollout/ep_len_mean,202752,7.0
rollout/ep_len_mean,204800,7.0
rollout/ep_len_mean,206848,7.0
rollout/ep_len_mean,208896,7.0
rollout/ep_len_mean,210944,7.0
rollout/ep_len_mean,212992,7.0
rollout/ep_len_mean,215040,7.0
rollout/ep_len_mean,217088,7.0
rollout/ep_len_mean,219136,7.0
rollout/ep_len_mean,221184,7.0
rollout/ep_len_mean,223232,7.0
rollout/ep_len_mean,225280,7.0
rollout/ep_len_mean,227328,7.0
rollout/ep_len_mean,229376,7.0
rollout/ep_len_mean,231424,7.0
rollout/ep_len_mean,233472,7.0
rollout/ep_len_mean,235520,7.0
rollout/ep_len_mean,237568,7.0
rollout/ep_len_mean,239616,7.0
rollout/ep_len_mean,241664,7.0
rollout/ep_len_mean,243712,6.989999771118164
rollout/ep_len_mean,245760,7.0
rollout/ep_len_mean,247808,7.0
rollout/ep_len_mean,249856,7.0
rollout/ep_len_mean,251904,7.0
rollout/ep_len_mean,253952,7.0
rollout/ep_len_mean,256000,7.0
rollout/ep_len_mean,258048,7.0
rollout/ep_len_mean,260096,7.0
rollout/ep_len_mean,262144,7.0
rollout/ep_len_mean,264192,7.0
rollout/ep_len_mean,266240,7.0
rollout/ep_len_mean,268288,7.0
rollout/ep_len_mean,270336,7.0
rollout/ep_len_mean,272384,7.0
rollout/ep_len_mean,274432,7.0
rollout/ep_len_mean,276480,7.0
rollout/ep_len_mean,278528,7.0
rollout/ep_len_mean,280576,7.0
rollout/ep_len_mean,282624,7.0
rollout/ep_len_mean,284672,7.0
rollout/ep_len_mean,286720,7.0
rollout/ep_len_mean,288768,7.0
rollout/ep_len_mean,290816,7.0
rollout/ep_len_mean,292864,7.0
rollout/ep_len_mean,294912,7.0
rollout/ep_len_mean,296960,7.0
rollout/ep_len_mean,299008,7.0
rollout/ep_len_mean,301056,7.0
rollout/ep_rew_mean,2048,1.039430022239685
rollout/ep_rew_mean,4096,1.0705475807189941
rollout/ep_rew_mean,6144,1.1116451025009155
rollout/ep_rew_mean,8192,1.130252480506897
rollout/ep_rew_mean,10240,1.17722749710083
rollout/ep_rew_mean,12288,1.2052724361419678
rollout/ep_rew_mean,14336,1.2885524034500122
rollout/ep_rew_mean,16384,1.233335018157959
rollout/ep_rew_mean,18432,1.341230034828186
rollout/ep_rew_mean,20480,1.4155398607254028
rollout/ep_rew_mean,22528,1.4461249113082886
rollout/ep_rew_mean,24576,1.5400549173355103
rollout/ep_rew_mean,26624,1.5978875160217285
rollout/ep_rew_mean,28672,1.6588648557662964
rollout/ep_rew_mean,30720,1.6869399547576904
rollout/ep_rew_mean,32768,1.7690025568008423
rollout/ep_rew_mean,34816,1.771725058555603
rollout/ep_rew_mean,36864,1.7883573770523071
rollout/ep_rew_mean,38912,1.7906750440597534
rollout/ep_rew_mean,40960,1.7974424362182617
rollout/ep_rew_mean,43008,1.8068500757217407
rollout/ep_rew_mean,45056,1.806247591972351
rollout/ep_rew_mean,47104,1.7942849397659302
rollout/ep_rew_mean,49152,1.7918601036071777
rollout/ep_rew_mean,51200,1.8094524145126343
rollout/ep_rew_mean,53248,1.8096098899841309
rollout/ep_rew_mean,55296,1.8078423738479614
rollout/ep_rew_mean,57344,1.809749960899353
rollout/ep_rew_mean,59392,1.8067224025726318
rollout/ep_rew_mean,61440,1.809749960899353
rollout/ep_rew_mean,63488,1.809749960899353
rollout/ep_rew_mean,65536,1.809749960899353
rollout/ep_rew_mean,67584,1.809749960899353
rollout/ep_rew_mean,69632,1.8056323528289795
rollout/ep_rew_mean,71680,1.809749960899353
rollout/ep_rew_mean,73728,1.809749960899353
rollout/ep_rew_mean,75776,1.809749960899353
rollout/ep_rew_mean,77824,1.8014349937438965
rollout/ep_rew_mean,79872,1.809749960899353
rollout/ep_rew_mean,81920,1.809749960899353
rollout/ep_rew_mean,83968,1.8097323179244995
rollout/ep_rew_mean,86016,1.809749960899353
rollout/ep_rew_mean,88064,1.809749960899353
rollout/ep_rew_mean,90112,1.809749960899353
rollout/ep_rew_mean,92160,1.809749960899353
rollout/ep_rew_mean,94208,1.809749960899353
rollout/ep_rew_mean,96256,1.809749960899353
rollout/ep_rew_mean,98304,1.809749960899353
rollout/ep_rew_mean,100352,1.809749960899353
rollout/ep_rew_mean,102400,1.809749960899353
rollout/ep_rew_mean,104448,1.809749960899353
rollout/ep_rew_mean,106496,1.809749960899353
rollout/ep_rew_mean,108544,1.809749960899353
rollout/ep_rew_mean,110592,1.809749960899353
rollout/ep_rew_mean,112640,1.809749960899353
rollout/ep_rew_mean,114688,1.809749960899353
rollout/ep_rew_mean,116736,1.809749960899353
rollout/ep_rew_mean,118784,1.809749960899353
rollout/ep_rew_mean,120832,1.809749960899353
rollout/ep_rew_mean,122880,1.809749960899353
rollout/ep_rew_mean,124928,1.809749960899353
rollout/ep_rew_mean,126976,1.809749960899353
rollout/ep_rew_mean,129024,1.809749960899353
rollout/ep_rew_mean,131072,1.809749960899353
rollout/ep_rew_mean,133120,1.8068548440933228
rollout/ep_rew_mean,135168,1.809749960899353
rollout/ep_rew_mean,137216,1.809749960899353
rollout/ep_rew_mean,139264,1.809749960899353
rollout/ep_rew_mean,141312,1.809749960899353
rollout/ep_rew_mean,143360,1.809749960899353
rollout/ep_rew_mean,145408,1.809749960899353
rollout/ep_rew_mean,147456,1.809749960899353
rollout/ep_rew_mean,149504,1.809749960899353
rollout/ep_rew_mean,151552,1.809749960899353
rollout/ep_rew_mean,153600,1.809749960899353
rollout/ep_rew_mean,155648,1.809749960899353
rollout/ep_rew_mean,157696,1.809749960899353
rollout/ep_rew_mean,159744,1.809749960899353
rollout/ep_rew_mean,161792,1.809749960899353
rollout/ep_rew_mean,163840,1.809749960899353
rollout/ep_rew_mean,165888,1.809749960899353
rollout/ep_rew_mean,167936,1.809749960899353
rollout/ep_rew_mean,169984,1.809749960899353
rollout/ep_rew_mean,172032,1.809749960899353
rollout/ep_rew_mean,174080,1.809749960899353
rollout/ep_rew_mean,176128,1.809749960899353
rollout/ep_rew_mean,178176,1.809749960899353
rollout/ep_rew_mean,180224,1.809749960899353
rollout/ep_rew_mean,182272,1.809749960899353
rollout/ep_rew_mean,184320,1.807877540588379
rollout/ep_rew_mean,186368,1.809749960899353
rollout/ep_rew_mean,188416,1.809749960899353
rollout/ep_rew_mean,190464,1.809749960899353
rollout/ep_rew_mean,192512,1.809749960899353
rollout/ep_rew_mean,194560,1.809749960899353
rollout/ep_rew_mean,196608,1.809749960899353
rollout/ep_rew_mean,198656,1.809749960899353
rollout/ep_rew_mean,200704,1.809749960899353
rollout/ep_rew_mean,202752,1.809749960899353
rollout/ep_rew_mean,204800,1.809749960899353
rollout/ep_rew_mean,206848,1.809749960899353
rollout/ep_rew_mean,208896,1.809749960899353
rollout/ep_rew_mean,210944,1.809749960899353
rollout/ep_rew_mean,212992,1.809749960899353
rollout/ep_rew_mean,215040,1.809749960899353
rollout/ep_rew_mean,217088,1.809749960899353
rollout/ep_rew_mean,219136,1.809749960899353
rollout/ep_rew_mean,221184,1.809749960899353
rollout/ep_rew_mean,223232,1.809749960899353
rollout/ep_rew_mean,225280,1.809749960899353
rollout/ep_rew_mean,227328,1.809749960899353
rollout/ep_rew_mean,229376,1.809749960899353
rollout/ep_rew_mean,231424,1.809749960899353
rollout/ep_rew_mean,233472,1.809749960899353
rollout/ep_rew_mean,235520,1.809749960899353
rollout/ep_rew_mean,237568,1.809749960899353
rollout/ep_rew_mean,239616,1.809749960899353
rollout/ep_rew_mean,241664,1.809749960899353
rollout/ep_rew_mean,243712,1.8097323179244995
rollout/ep_rew_mean,245760,1.809749960899353
rollout/ep_rew_mean,247808,1.809749960899353
rollout/ep_rew_mean,249856,1.809749960899353
rollout/ep_rew_mean,251904,1.809749960899353
rollout/ep_rew_mean,253952,1.809749960899353
rollout/ep_rew_mean,256000,1.809749960899353
rollout/ep_rew_mean,258048,1.809749960899353
rollout/ep_rew_mean,260096,1.809749960899353
rollout/ep_rew_mean,262144,1.809749960899353
rollout/ep_rew_mean,264192,1.809749960899353
rollout/ep_rew_mean,266240,1.809749960899353
rollout/ep_rew_mean,268288,1.809749960899353
rollout/ep_rew_mean,270336,1.809749960899353
rollout/ep_rew_mean,272384,1.809749960899353
rollout/ep_rew_mean,274432,1.809749960899353
rollout/ep_rew_mean,276480,1.809749960899353
rollout/ep_rew_mean,278528,1.809749960899353
rollout/ep_rew_mean,280576,1.809749960899353
rollout/ep_rew_mean,282624,1.809749960899353
rollout/ep_rew_mean,284672,1.809749960899353
rollout/ep_rew_mean,286720,1.809749960899353
rollout/ep_rew_mean,288768,1.809749960899353
rollout/ep_rew_mean,290816,1.809749960899353
rollout/ep_rew_mean,292864,1.809749960899353
rollout/ep_rew_mean,294912,1.809749960899353
rollout/ep_rew_mean,296960,1.809749960899353
rollout/ep_rew_mean,299008,1.809749960899353
rollout/ep_rew_mean,301056,1.809749960899353
time/fps,2048,107.0
time/fps,4096,108.0
time/fps,6144,108.0
time/fps,8192,108.0
time/fps,10240,108.0
time/fps,12288,109.0
time/fps,14336,110.0
time/fps,16384,111.0
time/fps,18432,113.0
time/fps,20480,114.0
time/fps,22528,116.0
time/fps,24576,118.0
time/fps,26624,120.0
time/fps,28672,122.0
time/fps,30720,125.0
time/fps,32768,128.0
time/fps,34816,130.0
time/fps,36864,133.0
time/fps,38912,136.0
time/fps,40960,138.0
time/fps,43008,141.0
time/fps,45056,143.0
time/fps,47104,145.0
time/fps,49152,146.0
time/fps,51200,148.0
time/fps,53248,150.0
time/fps,55296,152.0
time/fps,57344,154.0
time/fps,59392,156.0
time/fps,61440,157.0
time/fps,63488,159.0
time/fps,65536,160.0
time/fps,67584,161.0
time/fps,69632,163.0
time/fps,71680,164.0
time/fps,73728,165.0
time/fps,75776,166.0
time/fps,77824,167.0
time/fps,79872,168.0
time/fps,81920,169.0
time/fps,83968,171.0
time/fps,86016,172.0
time/fps,88064,173.0
time/fps,90112,174.0
time/fps,92160,175.0
time/fps,94208,175.0
time/fps,96256,176.0
time/fps,98304,177.0
time/fps,100352,178.0
time/fps,102400,179.0
time/fps,104448,179.0
time/fps,106496,180.0
time/fps,108544,181.0
time/fps,110592,182.0
time/fps,112640,182.0
time/fps,114688,183.0
time/fps,116736,184.0
time/fps,118784,184.0
time/fps,120832,185.0
time/fps,122880,186.0
time/fps,124928,186.0
time/fps,126976,187.0
time/fps,129024,187.0
time/fps,131072,188.0
time/fps,133120,188.0
time/fps,135168,189.0
time/fps,137216,189.0
time/fps,139264,190.0
time/fps,141312,190.0
time/fps,143360,191.0
time/fps,145408,191.0
time/fps,147456,192.0
time/fps,149504,192.0
time/fps,151552,193.0
time/fps,153600,193.0
time/fps,155648,194.0
time/fps,157696,194.0
time/fps,159744,194.0
time/fps,161792,195.0
time/fps,163840,195.0
time/fps,165888,196.0
time/fps,167936,196.0
time/fps,169984,196.0
time/fps,172032,197.0
time/fps,174080,197.0
time/fps,176128,197.0
time/fps,178176,198.0
time/fps,180224,198.0
time/fps,182272,198.0
time/fps,184320,198.0
time/fps,186368,199.0
time/fps,188416,199.0
time/fps,190464,199.0
time/fps,192512,200.0
time/fps,194560,200.0
time/fps,196608,200.0
time/fps,198656,200.0
time/fps,200704,201.0
time/fps,202752,201.0
time/fps,204800,201.0
time/fps,206848,201.0
time/fps,208896,202.0
time/fps,210944,202.0
time/fps,212992,202.0
time/fps,215040,202.0
time/fps,217088,203.0
time/fps,219136,203.0
time/fps,221184,203.0
time/fps,223232,203.0
time/fps,225280,203.0
time/fps,227328,204.0
time/fps,229376,204.0
time/fps,231424,204.0
time/fps,233472,204.0
time/fps,235520,204.0
time/fps,237568,205.0
time/fps,239616,205.0
time/fps,241664,205.0
time/fps,243712,205.0
time/fps,245760,205.0
time/fps,247808,205.0
time/fps,249856,206.0
time/fps,251904,206.0
time/fps,253952,206.0
time/fps,256000,206.0
time/fps,258048,206.0
time/fps,260096,206.0
time/fps,262144,207.0
time/fps,264192,207.0
time/fps,266240,207.0
time/fps,268288,207.0
time/fps,270336,207.0
time/fps,272384,207.0
time/fps,274432,207.0
time/fps,276480,208.0
time/fps,278528,208.0
time/fps,280576,208.0
time/fps,282624,208.0
time/fps,284672,208.0
time/fps,286720,208.0
time/fps,288768,208.0
time/fps,290816,209.0
time/fps,292864,209.0
time/fps,294912,209.0
time/fps,296960,209.0
time/fps,299008,209.0
time/fps,301056,209.0
train/approx_kl,4096,0.015615655109286308
train/approx_kl,6144,0.008958560414612293
train/approx_kl,8192,0.009481829591095448
train/approx_kl,10240,0.01422204077243805
train/approx_kl,12288,0.009596992284059525
train/approx_kl,14336,0.008816820569336414
train/approx_kl,16384,0.009916571900248528
train/approx_kl,18432,0.009479920379817486
train/approx_kl,20480,0.012246325612068176
train/approx_kl,22528,0.013903329148888588
train/approx_kl,24576,0.02195092663168907
train/approx_kl,26624,0.02056705951690674
train/approx_kl,28672,0.01276772003620863
train/approx_kl,30720,0.021084826439619064
train/approx_kl,32768,0.03357456251978874
train/approx_kl,34816,0.015207272954285145
train/approx_kl,36864,0.006159354001283646
train/approx_kl,38912,0.00833107903599739
train/approx_kl,40960,0.0034711677581071854
train/approx_kl,43008,0.001953249331563711
train/approx_kl,45056,0.005195872858166695
train/approx_kl,47104,0.0038740539457648993
train/approx_kl,49152,0.004873228725045919
train/approx_kl,51200,0.013942573219537735
train/approx_kl,53248,0.00033429503673687577
train/approx_kl,55296,0.033623915165662766
train/approx_kl,57344,0.0008648098446428776
train/approx_kl,59392,1.3856276837032055e-07
train/approx_kl,61440,0.0005846176645718515
train/approx_kl,63488,0.0005482264095917344
train/approx_kl,65536,3.9739347812428605e-08
train/approx_kl,67584,1.2198717058709008e-07
train/approx_kl,69632,0.0012358117382973433
train/approx_kl,71680,0.0010388880036771297
train/approx_kl,73728,0.00014731966075487435
train/approx_kl,75776,0.0013784600887447596
train/approx_kl,77824,1.8706316495809006e-09
train/approx_kl,79872,0.00031388539355248213
train/approx_kl,81920,7.110514843589044e-09
train/approx_kl,83968,2.508003831280803e-07
train/approx_kl,86016,0.0018625713419169188
train/approx_kl,88064,-2.8121007744630333e-09
train/approx_kl,90112,1.1955307854805142e-09
train/approx_kl,92160,2.8446720534702763e-09
train/approx_kl,94208,0.0001386451767757535
train/approx_kl,96256,0.0006789859617128968
train/approx_kl,98304,0.00024083263997454196
train/approx_kl,100352,3.455227215454215e-10
train/approx_kl,102400,0.0004042505461256951
train/approx_kl,104448,-1.4523493518936448e-10
train/approx_kl,106496,0.00131497741676867
train/approx_kl,108544,1.182783648800978e-08
train/approx_kl,110592,2.539047727623256e-08
train/approx_kl,112640,0.00027378485538065434
train/approx_kl,114688,2.3870825316407718e-09
train/approx_kl,116736,6.251354989217361e-11
train/approx_kl,118784,-8.14154077488638e-10
train/approx_kl,120832,3.8004515090506175e-09
train/approx_kl,122880,-3.049080987693742e-09
train/approx_kl,124928,4.981757228961214e-10
train/approx_kl,126976,2.5563906547176884e-09
train/approx_kl,129024,0.00027015869272872806
train/approx_kl,131072,0.00010709329944802448
train/approx_kl,133120,7.67647634347668e-09
train/approx_kl,135168,0.0011874326737597585
train/approx_kl,137216,-1.2519763004092965e-11
train/approx_kl,139264,1.9696244635269977e-11
train/approx_kl,141312,-2.1330492927518208e-11
train/approx_kl,143360,-3.3168134905281477e-11
train/approx_kl,145408,-3.326761088828789e-11
train/approx_kl,147456,-4.163780431554187e-12
train/approx_kl,149504,-1.0942358130705543e-11
train/approx_kl,151552,2.503952600818593e-11
train/approx_kl,153600,-4.270361841918202e-11
train/approx_kl,155648,2.7782220968219917e-11
train/approx_kl,157696,-3.743139131984208e-11
train/approx_kl,159744,2.5579538487363607e-12
train/approx_kl,161792,8.341771717823576e-12
train/approx_kl,163840,-5.860556484549306e-11
train/approx_kl,165888,-2.921751729445532e-11
train/approx_kl,167936,-1.2434497875801753e-11
train/approx_kl,169984,2.4982682589325123e-11
train/approx_kl,172032,-3.660716174636036e-11
train/approx_kl,174080,0.000857113569509238
train/approx_kl,176128,1.2505552149377763e-11
train/approx_kl,178176,-8.29913915367797e-12
train/approx_kl,180224,-1.7323031897831243e-11
train/approx_kl,182272,0.0012864215532317758
train/approx_kl,184320,5.027160909776285e-09
train/approx_kl,186368,0.0008468240266665816
train/approx_kl,188416,-8.341771717823576e-12
train/approx_kl,190464,-4.078515303262975e-12
train/approx_kl,192512,-1.6541434888495132e-11
train/approx_kl,194560,-1.1667111721180845e-11
train/approx_kl,196608,-2.0733637029479723e-11
train/approx_kl,198656,0.00016812985995784402
train/approx_kl,200704,-2.765858653219766e-10
train/approx_kl,202752,4.163780431554187e-12
train/approx_kl,204800,-2.631992401802563e-10
train/approx_kl,206848,-1.5046452972455882e-10
train/approx_kl,208896,-4.192202140984591e-12
train/approx_kl,210944,0.0008140834979712963
train/approx_kl,212992,-1.7976731214730535e-12
train/approx_kl,215040,0.0
train/approx_kl,217088,0.0
train/approx_kl,219136,2.0961010704922955e-12
train/approx_kl,221184,-1.0508927061891882e-11
train/approx_kl,223232,9.237055564881302e-14
train/approx_kl,225280,2.1245227799226996e-12
train/approx_kl,227328,-4.135358722123783e-12
train/approx_kl,229376,2.0961010704922955e-12
train/approx_kl,231424,-1.0466294497746276e-11
train/approx_kl,233472,6.160405519040069e-12
train/approx_kl,235520,-2.0676793610618915e-12
train/approx_kl,237568,2.0961010704922955e-12
train/approx_kl,239616,-7.37543359718984e-12
train/approx_kl,241664,0.0
train/approx_kl,243712,0.0
train/approx_kl,245760,0.00013916008174419403
train/approx_kl,247808,0.0
train/approx_kl,249856,0.0
train/approx_kl,251904,2.0961010704922955e-12
train/approx_kl,253952,0.0
train/approx_kl,256000,4.177991286269389e-12
train/approx_kl,258048,0.0
train/approx_kl,260096,-2.0818902157770935e-12
train/approx_kl,262144,2.0889956431346945e-12
train/approx_kl,264192,0.0
train/approx_kl,266240,0.0
train/approx_kl,268288,0.0
train/approx_kl,270336,0.0
train/approx_kl,272384,0.0
train/approx_kl,274432,0.0
train/approx_kl,276480,-2.0889956431346945e-12
train/approx_kl,278528,2.0605739337042905e-12
train/approx_kl,280576,0.0
train/approx_kl,282624,0.0
train/approx_kl,284672,0.0
train/approx_kl,286720,-4.156675004196586e-12
train/approx_kl,288768,2.0605739337042905e-12
train/approx_kl,290816,2.0889956431346945e-12
train/approx_kl,292864,0.0
train/approx_kl,294912,0.0
train/approx_kl,296960,0.0
train/approx_kl,299008,0.0
train/approx_kl,301056,0.0
train/clip_fraction,4096,0.10888671875
train/clip_fraction,6144,0.09487304836511612
train/clip_fraction,8192,0.09560547024011612
train/clip_fraction,10240,0.16064453125
train/clip_fraction,12288,0.11542968451976776
train/clip_fraction,14336,0.14433594048023224
train/clip_fraction,16384,0.136474609375
train/clip_fraction,18432,0.14418944716453552
train/clip_fraction,20480,0.171142578125
train/clip_fraction,22528,0.19331054389476776
train/clip_fraction,24576,0.19707031548023224
train/clip_fraction,26624,0.17319336533546448
train/clip_fraction,28672,0.21337890625
train/clip_fraction,30720,0.19638672471046448
train/clip_fraction,32768,0.09458007663488388
train/clip_fraction,34816,0.06557617336511612
train/clip_fraction,36864,0.03168945387005806
train/clip_fraction,38912,0.09409179538488388
train/clip_fraction,40960,0.061279296875
train/clip_fraction,43008,0.009814453311264515
train/clip_fraction,45056,0.091064453125
train/clip_fraction,47104,0.09775390475988388
train/clip_fraction,49152,0.07309570163488388
train/clip_fraction,51200,0.06625976413488388
train/clip_fraction,53248,0.0062500000931322575
train/clip_fraction,55296,0.014892578125
train/clip_fraction,57344,0.0033691406715661287
train/clip_fraction,59392,0.0
train/clip_fraction,61440,0.0023925781715661287
train/clip_fraction,63488,0.0016601562965661287
train/clip_fraction,65536,0.0
train/clip_fraction,67584,0.0
train/clip_fraction,69632,0.0018066406482830644
train/clip_fraction,71680,0.0013183593982830644
train/clip_fraction,73728,0.0008300781482830644
train/clip_fraction,75776,0.002197265625
train/clip_fraction,77824,0.0
train/clip_fraction,79872,0.0011718750465661287
train/clip_fraction,81920,0.0
train/clip_fraction,83968,0.0
train/clip_fraction,86016,0.0013183593982830644
train/clip_fraction,88064,0.0
train/clip_fraction,90112,0.0
train/clip_fraction,92160,0.0
train/clip_fraction,94208,0.0008300781482830644
train/clip_fraction,96256,0.0008789062267169356
train/clip_fraction,98304,0.000732421875
train/clip_fraction,100352,0.0
train/clip_fraction,102400,0.0004394531133584678
train/clip_fraction,104448,0.0
train/clip_fraction,106496,0.0008300781482830644
train/clip_fraction,108544,0.0
train/clip_fraction,110592,0.0
train/clip_fraction,112640,0.0004394531133584678
train/clip_fraction,114688,0.0
train/clip_fraction,116736,0.0
train/clip_fraction,118784,0.0
train/clip_fraction,120832,0.0
train/clip_fraction,122880,0.0
train/clip_fraction,124928,0.0
train/clip_fraction,126976,0.0
train/clip_fraction,129024,0.0003906250058207661
train/clip_fraction,131072,0.0004394531133584678
train/clip_fraction,133120,0.0
train/clip_fraction,135168,0.0007812500116415322
train/clip_fraction,137216,0.0
train/clip_fraction,139264,0.0
train/clip_fraction,141312,0.0
train/clip_fraction,143360,0.0
train/clip_fraction,145408,0.0
train/clip_fraction,147456,0.0
train/clip_fraction,149504,0.0
train/clip_fraction,151552,0.0
train/clip_fraction,153600,0.0
train/clip_fraction,155648,0.0
train/clip_fraction,157696,0.0
train/clip_fraction,159744,0.0
train/clip_fraction,161792,0.0
train/clip_fraction,163840,0.0
train/clip_fraction,165888,0.0
train/clip_fraction,167936,0.0
train/clip_fraction,169984,0.0
train/clip_fraction,172032,0.0
train/clip_fraction,174080,0.001220703125
train/clip_fraction,176128,0.0
train/clip_fraction,178176,0.0
train/clip_fraction,180224,0.0
train/clip_fraction,182272,0.0009277343633584678
train/clip_fraction,184320,0.0
train/clip_fraction,186368,0.0004394531133584678
train/clip_fraction,188416,0.0
train/clip_fraction,190464,0.0
train/clip_fraction,192512,0.0
train/clip_fraction,194560,0.0
train/clip_fraction,196608,0.0
train/clip_fraction,198656,0.0006347656017169356
train/clip_fraction,200704,0.0
train/clip_fraction,202752,0.0
train/clip_fraction,204800,0.0
train/clip_fraction,206848,0.0
train/clip_fraction,208896,0.0
train/clip_fraction,210944,0.0008789062267169356
train/clip_fraction,212992,0.0
train/clip_fraction,215040,0.0
train/clip_fraction,217088,0.0
train/clip_fraction,219136,0.0
train/clip_fraction,221184,0.0
train/clip_fraction,223232,0.0
train/clip_fraction,225280,0.0
train/clip_fraction,227328,0.0
train/clip_fraction,229376,0.0
train/clip_fraction,231424,0.0
train/clip_fraction,233472,0.0
train/clip_fraction,235520,0.0
train/clip_fraction,237568,0.0
train/clip_fraction,239616,0.0
train/clip_fraction,241664,0.0
train/clip_fraction,243712,0.0
train/clip_fraction,245760,0.0004394531133584678
train/clip_fraction,247808,0.0
train/clip_fraction,249856,0.0
train/clip_fraction,251904,0.0
train/clip_fraction,253952,0.0
train/clip_fraction,256000,0.0
train/clip_fraction,258048,0.0
train/clip_fraction,260096,0.0
train/clip_fraction,262144,0.0
train/clip_fraction,264192,0.0
train/clip_fraction,266240,0.0
train/clip_fraction,268288,0.0
train/clip_fraction,270336,0.0
train/clip_fraction,272384,0.0
train/clip_fraction,274432,0.0
train/clip_fraction,276480,0.0
train/clip_fraction,278528,0.0
train/clip_fraction,280576,0.0
train/clip_fraction,282624,0.0
train/clip_fraction,284672,0.0
train/clip_fraction,286720,0.0
train/clip_fraction,288768,0.0
train/clip_fraction,290816,0.0
train/clip_fraction,292864,0.0
train/clip_fraction,294912,0.0
train/clip_fraction,296960,0.0
train/clip_fraction,299008,0.0
train/clip_fraction,301056,0.0
train/clip_range,4096,0.20000000298023224
train/clip_range,6144,0.20000000298023224
train/clip_range,8192,0.20000000298023224
train/clip_range,10240,0.20000000298023224
train/clip_range,12288,0.20000000298023224
train/clip_range,14336,0.20000000298023224
train/clip_range,16384,0.20000000298023224
train/clip_range,18432,0.20000000298023224
train/clip_range,20480,0.20000000298023224
train/clip_range,22528,0.20000000298023224
train/clip_range,24576,0.20000000298023224
train/clip_range,26624,0.20000000298023224
train/clip_range,28672,0.20000000298023224
train/clip_range,30720,0.20000000298023224
train/clip_range,32768,0.20000000298023224
train/clip_range,34816,0.20000000298023224
train/clip_range,36864,0.20000000298023224
train/clip_range,38912,0.20000000298023224
train/clip_range,40960,0.20000000298023224
train/clip_range,43008,0.20000000298023224
train/clip_range,45056,0.20000000298023224
train/clip_range,47104,0.20000000298023224
train/clip_range,49152,0.20000000298023224
train/clip_range,51200,0.20000000298023224
train/clip_range,53248,0.20000000298023224
train/clip_range,55296,0.20000000298023224
train/clip_range,57344,0.20000000298023224
train/clip_range,59392,0.20000000298023224
train/clip_range,61440,0.20000000298023224
train/clip_range,63488,0.20000000298023224
train/clip_range,65536,0.20000000298023224
train/clip_range,67584,0.20000000298023224
train/clip_range,69632,0.20000000298023224
train/clip_range,71680,0.20000000298023224
train/clip_range,73728,0.20000000298023224
train/clip_range,75776,0.20000000298023224
train/clip_range,77824,0.20000000298023224
train/clip_range,79872,0.20000000298023224
train/clip_range,81920,0.20000000298023224
train/clip_range,83968,0.20000000298023224
train/clip_range,86016,0.20000000298023224
train/clip_range,88064,0.20000000298023224
train/clip_range,90112,0.20000000298023224
train/clip_range,92160,0.20000000298023224
train/clip_range,94208,0.20000000298023224
train/clip_range,96256,0.20000000298023224
train/clip_range,98304,0.20000000298023224
train/clip_range,100352,0.20000000298023224
train/clip_range,102400,0.20000000298023224
train/clip_range,104448,0.20000000298023224
train/clip_range,106496,0.20000000298023224
train/clip_range,108544,0.20000000298023224
train/clip_range,110592,0.20000000298023224
train/clip_range,112640,0.20000000298023224
train/clip_range,114688,0.20000000298023224
train/clip_range,116736,0.20000000298023224
train/clip_range,118784,0.20000000298023224
train/clip_range,120832,0.20000000298023224
train/clip_range,122880,0.20000000298023224
train/clip_range,124928,0.20000000298023224
train/clip_range,126976,0.20000000298023224
train/clip_range,129024,0.20000000298023224
train/clip_range,131072,0.20000000298023224
train/clip_range,133120,0.20000000298023224
train/clip_range,135168,0.20000000298023224
train/clip_range,137216,0.20000000298023224
train/clip_range,139264,0.20000000298023224
train/clip_range,141312,0.20000000298023224
train/clip_range,143360,0.20000000298023224
train/clip_range,145408,0.20000000298023224
train/clip_range,147456,0.20000000298023224
train/clip_range,149504,0.20000000298023224
train/clip_range,151552,0.20000000298023224
train/clip_range,153600,0.20000000298023224
train/clip_range,155648,0.20000000298023224
train/clip_range,157696,0.20000000298023224
train/clip_range,159744,0.20000000298023224
train/clip_range,161792,0.20000000298023224
train/clip_range,163840,0.20000000298023224
train/clip_range,165888,0.20000000298023224
train/clip_range,167936,0.20000000298023224
train/clip_range,169984,0.20000000298023224
train/clip_range,172032,0.20000000298023224
train/clip_range,174080,0.20000000298023224
train/clip_range,176128,0.20000000298023224
train/clip_range,178176,0.20000000298023224
train/clip_range,180224,0.20000000298023224
train/clip_range,182272,0.20000000298023224
train/clip_range,184320,0.20000000298023224
train/clip_range,186368,0.20000000298023224
train/clip_range,188416,0.20000000298023224
train/clip_range,190464,0.20000000298023224
train/clip_range,192512,0.20000000298023224
train/clip_range,194560,0.20000000298023224
train/clip_range,196608,0.20000000298023224
train/clip_range,198656,0.20000000298023224
train/clip_range,200704,0.20000000298023224
train/clip_range,202752,0.20000000298023224
train/clip_range,204800,0.20000000298023224
train/clip_range,206848,0.20000000298023224
train/clip_range,208896,0.20000000298023224
train/clip_range,210944,0.20000000298023224
train/clip_range,212992,0.20000000298023224
train/clip_range,215040,0.20000000298023224
train/clip_range,217088,0.20000000298023224
train/clip_range,219136,0.20000000298023224
train/clip_range,221184,0.20000000298023224
train/clip_range,223232,0.20000000298023224
train/clip_range,225280,0.20000000298023224
train/clip_range,227328,0.20000000298023224
train/clip_range,229376,0.20000000298023224
train/clip_range,231424,0.20000000298023224
train/clip_range,233472,0.20000000298023224
train/clip_range,235520,0.20000000298023224
train/clip_range,237568,0.20000000298023224
train/clip_range,239616,0.20000000298023224
train/clip_range,241664,0.20000000298023224
train/clip_range,243712,0.20000000298023224
train/clip_range,245760,0.20000000298023224
train/clip_range,247808,0.20000000298023224
train/clip_range,249856,0.20000000298023224
train/clip_range,251904,0.20000000298023224
train/clip_range,253952,0.20000000298023224
train/clip_range,256000,0.20000000298023224
train/clip_range,258048,0.20000000298023224
train/clip_range,260096,0.20000000298023224
train/clip_range,262144,0.20000000298023224
train/clip_range,264192,0.20000000298023224
train/clip_range,266240,0.20000000298023224
train/clip_range,268288,0.20000000298023224
train/clip_range,270336,0.20000000298023224
train/clip_range,272384,0.20000000298023224
train/clip_range,274432,0.20000000298023224
train/clip_range,276480,0.20000000298023224
train/clip_range,278528,0.20000000298023224
train/clip_range,280576,0.20000000298023224
train/clip_range,282624,0.20000000298023224
train/clip_range,284672,0.20000000298023224
train/clip_range,286720,0.20000000298023224
train/clip_range,288768,0.20000000298023224
train/clip_range,290816,0.20000000298023224
train/clip_range,292864,0.20000000298023224
train/clip_range,294912,0.20000000298023224
train/clip_range,296960,0.20000000298023224
train/clip_range,299008,0.20000000298023224
train/clip_range,301056,0.20000000298023224
train/entropy_loss,4096,-1.3067312240600586
train/entropy_loss,6144,-1.2610560655593872
train/entropy_loss,8192,-1.2410575151443481
train/entropy_loss,10240,-1.197024941444397
train/entropy_loss,12288,-1.1553860902786255
train/entropy_loss,14336,-1.0908513069152832
train/entropy_loss,16384,-1.0532104969024658
train/entropy_loss,18432,-0.9646055698394775
train/entropy_loss,20480,-0.8733527660369873
train/entropy_loss,22528,-0.7967895865440369
train/entropy_loss,24576,-0.6943870186805725
train/entropy_loss,26624,-0.5719196200370789
train/entropy_loss,28672,-0.46040040254592896
train/entropy_loss,30720,-0.3651939332485199
train/entropy_loss,32768,-0.2771776020526886
train/entropy_loss,34816,-0.20648419857025146
train/entropy_loss,36864,-0.1700707972049713
train/entropy_loss,38912,-0.14557357132434845
train/entropy_loss,40960,-0.13179603219032288
train/entropy_loss,43008,-0.12776748836040497
train/entropy_loss,45056,-0.12365736812353134
train/entropy_loss,47104,-0.11263205856084824
train/entropy_loss,49152,-0.10120432823896408
train/entropy_loss,51200,-0.0653839185833931
train/entropy_loss,53248,-0.05066860467195511
train/entropy_loss,55296,-0.01775418594479561
train/entropy_loss,57344,-0.01067728828638792
train/entropy_loss,59392,-0.00856209360063076
train/entropy_loss,61440,-0.007153286598622799
train/entropy_loss,63488,-0.006133140064775944
train/entropy_loss,65536,-0.005399629473686218
train/entropy_loss,67584,-0.005222543142735958
train/entropy_loss,69632,-0.005318957380950451
train/entropy_loss,71680,-0.005038033705204725
train/entropy_loss,73728,-0.00432018144056201
train/entropy_loss,75776,-0.0034387484192848206
train/entropy_loss,77824,-0.0023347786627709866
train/entropy_loss,79872,-0.003198253456503153
train/entropy_loss,81920,-0.002557932399213314
train/entropy_loss,83968,-0.003383450675755739
train/entropy_loss,86016,-0.0021776948124170303
train/entropy_loss,88064,-0.0017952016787603498
train/entropy_loss,90112,-0.0018134464044123888
train/entropy_loss,92160,-0.0017692673718556762
train/entropy_loss,94208,-0.0018848141189664602
train/entropy_loss,96256,-0.001736161531880498
train/entropy_loss,98304,-0.0019405451603233814
train/entropy_loss,100352,-0.0011948589235544205
train/entropy_loss,102400,-0.0011312266578897834
train/entropy_loss,104448,-0.0011231759563088417
train/entropy_loss,106496,-0.0014657999854534864
train/entropy_loss,108544,-0.0019473471911624074
train/entropy_loss,110592,-0.002004512818530202
train/entropy_loss,112640,-0.001182307954877615
train/entropy_loss,114688,-0.0010427481029182673
train/entropy_loss,116736,-0.0009947039652615786
train/entropy_loss,118784,-0.0010541277006268501
train/entropy_loss,120832,-0.0012604814255610108
train/entropy_loss,122880,-0.0012997988378629088
train/entropy_loss,124928,-0.0012141612824052572
train/entropy_loss,126976,-0.001402983209118247
train/entropy_loss,129024,-0.0014388257404789329
train/entropy_loss,131072,-0.001270590233616531
train/entropy_loss,133120,-0.0010600399691611528
train/entropy_loss,135168,-0.0007529022987000644
train/entropy_loss,137216,-0.0004401791375130415
train/entropy_loss,139264,-0.00043975349399261177
train/entropy_loss,141312,-0.0004406477091833949
train/entropy_loss,143360,-0.0004448585386853665
train/entropy_loss,145408,-0.00045016148942522705
train/entropy_loss,147456,-0.0004536485648714006
train/entropy_loss,149504,-0.00045407426659949124
train/entropy_loss,151552,-0.0004553779726848006
train/entropy_loss,153600,-0.00045617850264534354
train/entropy_loss,155648,-0.0004588553565554321
train/entropy_loss,157696,-0.0004582753754220903
train/entropy_loss,159744,-0.00046279351226985455
train/entropy_loss,161792,-0.0004632958734873682
train/entropy_loss,163840,-0.0004667459870688617
train/entropy_loss,165888,-0.00047436554450541735
train/entropy_loss,167936,-0.00047632999485358596
train/entropy_loss,169984,-0.00047638959949836135
train/entropy_loss,172032,-0.00047733786050230265
train/entropy_loss,174080,-0.0010321479057893157
train/entropy_loss,176128,-0.00042025232687592506
train/entropy_loss,178176,-0.00041707977652549744
train/entropy_loss,180224,-0.0004154065973125398
train/entropy_loss,182272,-0.0006556634907610714
train/entropy_loss,184320,-0.0007618137751705945
train/entropy_loss,186368,-0.00041218457045033574
train/entropy_loss,188416,-0.0003731347678694874
train/entropy_loss,190464,-0.0003741868131328374
train/entropy_loss,192512,-0.0003734410274773836
train/entropy_loss,194560,-0.0003787935129366815
train/entropy_loss,196608,-0.0003803370345849544
train/entropy_loss,198656,-0.0005663159536197782
train/entropy_loss,200704,-0.00037535803858190775
train/entropy_loss,202752,-0.00038415202288888395
train/entropy_loss,204800,-0.0003930148668587208
train/entropy_loss,206848,-0.00040866670315153897
train/entropy_loss,208896,-0.0004266088071744889
train/entropy_loss,210944,-0.0003308770537842065
train/entropy_loss,212992,-0.00024898245465010405
train/entropy_loss,215040,-0.00024890844360925257
train/entropy_loss,217088,-0.0002488680765964091
train/entropy_loss,219136,-0.00024968385696411133
train/entropy_loss,221184,-0.00025093340082094073
train/entropy_loss,223232,-0.00025170310982502997
train/entropy_loss,225280,-0.0002512704231776297
train/entropy_loss,227328,-0.0002514527295716107
train/entropy_loss,229376,-0.00025246027507819235
train/entropy_loss,231424,-0.00025367565103806555
train/entropy_loss,233472,-0.00025480444310232997
train/entropy_loss,235520,-0.00025467475643381476
train/entropy_loss,237568,-0.00025509344413876534
train/entropy_loss,239616,-0.00025610998272895813
train/entropy_loss,241664,-0.0002576615079306066
train/entropy_loss,243712,-0.00025803298922255635
train/entropy_loss,245760,-0.00022395917039830238
train/entropy_loss,247808,-0.00021734288020525128
train/entropy_loss,249856,-0.0002166285557905212
train/entropy_loss,251904,-0.00021694325550924987
train/entropy_loss,253952,-0.00021613051649183035
train/entropy_loss,256000,-0.00021631951676681638
train/entropy_loss,258048,-0.00021617813035845757
train/entropy_loss,260096,-0.00021631884737871587
train/entropy_loss,262144,-0.00021670429850928485
train/entropy_loss,264192,-0.00021606239897664636
train/entropy_loss,266240,-0.00021662413200829178
train/entropy_loss,268288,-0.00021612831915263087
train/entropy_loss,270336,-0.00021672475850209594
train/entropy_loss,272384,-0.00021653369185514748
train/entropy_loss,274432,-0.00021647759422194213
train/entropy_loss,276480,-0.000217274617170915
train/entropy_loss,278528,-0.0002170108346035704
train/entropy_loss,280576,-0.00021742275566793978
train/entropy_loss,282624,-0.00021702235972043127
train/entropy_loss,284672,-0.00021762473625130951
train/entropy_loss,286720,-0.00021762873802799731
train/entropy_loss,288768,-0.00021779579401481897
train/entropy_loss,290816,-0.00021822971757501364
train/entropy_loss,292864,-0.00021779141388833523
train/entropy_loss,294912,-0.00021835237566847354
train/entropy_loss,296960,-0.00021789480524603277
train/entropy_loss,299008,-0.00021834344079252332
train/entropy_loss,301056,-0.00021816410298924893
train/explained_variance,4096,-1.1482465267181396
train/explained_variance,6144,0.8527707457542419
train/explained_variance,8192,0.8761646151542664
train/explained_variance,10240,0.8901585340499878
train/explained_variance,12288,0.9054853320121765
train/explained_variance,14336,0.922979474067688
train/explained_variance,16384,0.9250465631484985
train/explained_variance,18432,0.9380050897598267
train/explained_variance,20480,0.9407615065574646
train/explained_variance,22528,0.956203818321228
train/explained_variance,24576,0.9635546803474426
train/explained_variance,26624,0.9694269895553589
train/explained_variance,28672,0.9739881157875061
train/explained_variance,30720,0.9816908836364746
train/explained_variance,32768,0.9804084300994873
train/explained_variance,34816,0.9882993698120117
train/explained_variance,36864,0.9909418821334839
train/explained_variance,38912,0.9960715174674988
train/explained_variance,40960,0.994739830493927
train/explained_variance,43008,0.9989607930183411
train/explained_variance,45056,0.9984940886497498
train/explained_variance,47104,0.999350368976593
train/explained_variance,49152,0.9981957674026489
train/explained_variance,51200,0.9975224733352661
train/explained_variance,53248,0.999251127243042
train/explained_variance,55296,0.9999952912330627
train/explained_variance,57344,0.9991832971572876
train/explained_variance,59392,0.9999749660491943
train/explained_variance,61440,0.9993478059768677
train/explained_variance,63488,0.9996401071548462
train/explained_variance,65536,0.9999504089355469
train/explained_variance,67584,0.9999998211860657
train/explained_variance,69632,0.9996703863143921
train/explained_variance,71680,0.9994645118713379
train/explained_variance,73728,0.9997920393943787
train/explained_variance,75776,0.999415934085846
train/explained_variance,77824,0.9999755024909973
train/explained_variance,79872,0.9993599653244019
train/explained_variance,81920,0.999958872795105
train/explained_variance,83968,0.9999999403953552
train/explained_variance,86016,0.9999942183494568
train/explained_variance,88064,0.9999999403953552
train/explained_variance,90112,1.0
train/explained_variance,92160,1.0
train/explained_variance,94208,0.9998064637184143
train/explained_variance,96256,0.9989407658576965
train/explained_variance,98304,0.9996082186698914
train/explained_variance,100352,0.9999964237213135
train/explained_variance,102400,0.9998566508293152
train/explained_variance,104448,0.9999858140945435
train/explained_variance,106496,0.9984952807426453
train/explained_variance,108544,0.9999095797538757
train/explained_variance,110592,0.999999463558197
train/explained_variance,112640,0.9999929666519165
train/explained_variance,114688,0.9999999403953552
train/explained_variance,116736,1.0
train/explained_variance,118784,1.0
train/explained_variance,120832,1.0
train/explained_variance,122880,1.0
train/explained_variance,124928,1.0
train/explained_variance,126976,1.0
train/explained_variance,129024,0.9990426898002625
train/explained_variance,131072,0.9996547698974609
train/explained_variance,133120,0.9999889135360718
train/explained_variance,135168,0.9997454881668091
train/explained_variance,137216,0.9999639391899109
train/explained_variance,139264,0.9999997615814209
train/explained_variance,141312,1.0
train/explained_variance,143360,1.0
train/explained_variance,145408,1.0
train/explained_variance,147456,1.0
train/explained_variance,149504,1.0
train/explained_variance,151552,1.0
train/explained_variance,153600,1.0
train/explained_variance,155648,1.0
train/explained_variance,157696,1.0
train/explained_variance,159744,1.0
train/explained_variance,161792,1.0
train/explained_variance,163840,1.0
train/explained_variance,165888,1.0
train/explained_variance,167936,1.0
train/explained_variance,169984,1.0
train/explained_variance,172032,1.0
train/explained_variance,174080,0.9997002482414246
train/explained_variance,176128,0.9999786019325256
train/explained_variance,178176,0.9999996423721313
train/explained_variance,180224,1.0
train/explained_variance,182272,0.998964250087738
train/explained_variance,184320,0.9999185800552368
train/explained_variance,186368,0.9998418688774109
train/explained_variance,188416,0.9999879002571106
train/explained_variance,190464,0.9999998807907104
train/explained_variance,192512,1.0
train/explained_variance,194560,1.0
train/explained_variance,196608,1.0
train/explained_variance,198656,0.9994727373123169
train/explained_variance,200704,0.9999554753303528
train/explained_variance,202752,0.9999999403953552
train/explained_variance,204800,1.0
train/explained_variance,206848,1.0
train/explained_variance,208896,1.0
train/explained_variance,210944,0.9994312524795532
train/explained_variance,212992,0.9999693036079407
train/explained_variance,215040,0.9999998211860657
train/explained_variance,217088,1.0
train/explained_variance,219136,1.0
train/explained_variance,221184,1.0
train/explained_variance,223232,1.0
train/explained_variance,225280,1.0
train/explained_variance,227328,1.0
train/explained_variance,229376,1.0
train/explained_variance,231424,1.0
train/explained_variance,233472,1.0
train/explained_variance,235520,1.0
train/explained_variance,237568,1.0
train/explained_variance,239616,1.0
train/explained_variance,241664,1.0
train/explained_variance,243712,1.0
train/explained_variance,245760,0.999997615814209
train/explained_variance,247808,1.0
train/explained_variance,249856,1.0
train/explained_variance,251904,1.0
train/explained_variance,253952,1.0
train/explained_variance,256000,1.0
train/explained_variance,258048,1.0
train/explained_variance,260096,1.0
train/explained_variance,262144,1.0
train/explained_variance,264192,1.0
train/explained_variance,266240,1.0
train/explained_variance,268288,1.0
train/explained_variance,270336,1.0
train/explained_variance,272384,1.0
train/explained_variance,274432,1.0
train/explained_variance,276480,1.0
train/explained_variance,278528,1.0
train/explained_variance,280576,1.0
train/explained_variance,282624,1.0
train/explained_variance,284672,1.0
train/explained_variance,286720,1.0
train/explained_variance,288768,1.0
train/explained_variance,290816,1.0
train/explained_variance,292864,1.0
train/explained_variance,294912,1.0
train/explained_variance,296960,1.0
train/explained_variance,299008,1.0
train/explained_variance,301056,1.0
train/learning_rate,4096,0.0002979520068038255
train/learning_rate,6144,0.0002959039993584156
train/learning_rate,8192,0.0002938559919130057
train/learning_rate,10240,0.00029180801357142627
train/learning_rate,12288,0.0002897600061260164
train/learning_rate,14336,0.0002877119986806065
train/learning_rate,16384,0.0002856639912351966
train/learning_rate,18432,0.00028361601289361715
train/learning_rate,20480,0.00028156800544820726
train/learning_rate,22528,0.00027951999800279737
train/learning_rate,24576,0.00027747199055738747
train/learning_rate,26624,0.00027542401221580803
train/learning_rate,28672,0.00027337600477039814
train/learning_rate,30720,0.00027132799732498825
train/learning_rate,32768,0.00026927998987957835
train/learning_rate,34816,0.0002672320115379989
train/learning_rate,36864,0.000265184004092589
train/learning_rate,38912,0.0002631359966471791
train/learning_rate,40960,0.00026108798920176923
train/learning_rate,43008,0.0002590400108601898
train/learning_rate,45056,0.0002569920034147799
train/learning_rate,47104,0.00025494399596937
train/learning_rate,49152,0.0002528959885239601
train/learning_rate,51200,0.0002508480101823807
train/learning_rate,53248,0.0002488000027369708
train/learning_rate,55296,0.0002467519952915609
train/learning_rate,57344,0.000244703987846151
train/learning_rate,59392,0.00024265599495265633
train/learning_rate,61440,0.00024060800205916166
train/learning_rate,63488,0.00023855999461375177
train/learning_rate,65536,0.0002365120017202571
train/learning_rate,67584,0.0002344639942748472
train/learning_rate,69632,0.00023241600138135254
train/learning_rate,71680,0.00023036799393594265
train/learning_rate,73728,0.00022832000104244798
train/learning_rate,75776,0.0002262719935970381
train/learning_rate,77824,0.00022422400070354342
train/learning_rate,79872,0.00022217599325813353
train/learning_rate,81920,0.00022012800036463886
train/learning_rate,83968,0.00021807999291922897
train/learning_rate,86016,0.0002160320000257343
train/learning_rate,88064,0.00021398400713223964
train/learning_rate,90112,0.00021193599968682975
train/learning_rate,92160,0.00020988800679333508
train/learning_rate,94208,0.00020783999934792519
train/learning_rate,96256,0.00020579200645443052
train/learning_rate,98304,0.00020374399900902063
train/learning_rate,100352,0.00020169600611552596
train/learning_rate,102400,0.00019964799867011607
train/learning_rate,104448,0.0001976000057766214
train/learning_rate,106496,0.0001955519983312115
train/learning_rate,108544,0.00019350400543771684
train/learning_rate,110592,0.00019145599799230695
train/learning_rate,112640,0.00018940800509881228
train/learning_rate,114688,0.0001873599976534024
train/learning_rate,116736,0.00018531200475990772
train/learning_rate,118784,0.00018326399731449783
train/learning_rate,120832,0.00018121600442100316
train/learning_rate,122880,0.00017916799697559327
train/learning_rate,124928,0.0001771200040820986
train/learning_rate,126976,0.0001750719966366887
train/learning_rate,129024,0.00017302400374319404
train/learning_rate,131072,0.00017097599629778415
train/learning_rate,133120,0.00016892800340428948
train/learning_rate,135168,0.0001668799959588796
train/learning_rate,137216,0.00016483200306538492
train/learning_rate,139264,0.00016278399561997503
train/learning_rate,141312,0.00016073600272648036
train/learning_rate,143360,0.00015868799528107047
train/learning_rate,145408,0.0001566400023875758
train/learning_rate,147456,0.0001545919949421659
train/learning_rate,149504,0.00015254400204867125
train/learning_rate,151552,0.00015049599460326135
train/learning_rate,153600,0.00014844800170976669
train/learning_rate,155648,0.0001463999942643568
train/learning_rate,157696,0.00014435200137086213
train/learning_rate,159744,0.00014230399392545223
train/learning_rate,161792,0.00014025600103195757
train/learning_rate,163840,0.00013820799358654767
train/learning_rate,165888,0.000136160000693053
train/learning_rate,167936,0.0001341119932476431
train/learning_rate,169984,0.00013206400035414845
train/learning_rate,172032,0.00013001599290873855
train/learning_rate,174080,0.0001279680000152439
train/learning_rate,176128,0.00012592000712174922
train/learning_rate,178176,0.00012387199967633933
train/learning_rate,180224,0.00012182399950688705
train/learning_rate,182272,0.00011977599933743477
train/learning_rate,184320,0.00011772799916798249
train/learning_rate,186368,0.00011567999899853021
train/learning_rate,188416,0.00011363199882907793
train/learning_rate,190464,0.00011158399865962565
train/learning_rate,192512,0.00010953599849017337
train/learning_rate,194560,0.00010748799832072109
train/learning_rate,196608,0.00010543999815126881
train/learning_rate,198656,0.00010339199798181653
train/learning_rate,200704,0.00010134399781236425
train/learning_rate,202752,9.929599764291197e-05
train/learning_rate,204800,9.724799747345969e-05
train/learning_rate,206848,9.519999730400741e-05
train/learning_rate,208896,9.315199713455513e-05
train/learning_rate,210944,9.110399696510285e-05
train/learning_rate,212992,8.905599679565057e-05
train/learning_rate,215040,8.700799662619829e-05
train/learning_rate,217088,8.495999645674601e-05
train/learning_rate,219136,8.291200356325135e-05
train/learning_rate,221184,8.086400339379907e-05
train/learning_rate,223232,7.881600322434679e-05
train/learning_rate,225280,7.676800305489451e-05
train/learning_rate,227328,7.472000288544223e-05
train/learning_rate,229376,7.267200271598995e-05
train/learning_rate,231424,7.062400254653767e-05
train/learning_rate,233472,6.857600237708539e-05
train/learning_rate,235520,6.652800220763311e-05
train/learning_rate,237568,6.448000203818083e-05
train/learning_rate,239616,6.243200186872855e-05
train/learning_rate,241664,6.038400169927627e-05
train/learning_rate,243712,5.833600152982399e-05
train/learning_rate,245760,5.628800136037171e-05
train/learning_rate,247808,5.424000119091943e-05
train/learning_rate,249856,5.219200102146715e-05
train/learning_rate,251904,5.014400085201487e-05
train/learning_rate,253952,4.809600068256259e-05
train/learning_rate,256000,4.604800051311031e-05
train/learning_rate,258048,4.400000034365803e-05
train/learning_rate,260096,4.195200017420575e-05
train/learning_rate,262144,3.990400000475347e-05
train/learning_rate,264192,3.785599983530119e-05
train/learning_rate,266240,3.580799966584891e-05
train/learning_rate,268288,3.375999949639663e-05
train/learning_rate,270336,3.171199932694435e-05
train/learning_rate,272384,2.966399915749207e-05
train/learning_rate,274432,2.7616000807029195e-05
train/learning_rate,276480,2.5568000637576915e-05
train/learning_rate,278528,2.3520000468124636e-05
train/learning_rate,280576,2.1472000298672356e-05
train/learning_rate,282624,1.9424000129220076e-05
train/learning_rate,284672,1.7375999959767796e-05
train/learning_rate,286720,1.5327999790315516e-05
train/learning_rate,288768,1.3279999620863236e-05
train/learning_rate,290816,1.1232000360905658e-05
train/learning_rate,292864,9.184000191453379e-06
train/learning_rate,294912,7.136000022001099e-06
train/learning_rate,296960,5.087999852548819e-06
train/learning_rate,299008,3.0399999104702147e-06
train/learning_rate,301056,9.919999683916103e-07
train/loss,4096,0.015478596091270447
train/loss,6144,0.008125629276037216
train/loss,8192,-0.010654229670763016
train/loss,10240,-0.03326389938592911
train/loss,12288,-0.03156396374106407
train/loss,14336,-0.040352724492549896
train/loss,16384,-0.028019655495882034
train/loss,18432,-0.028506916016340256
train/loss,20480,-0.03885459899902344
train/loss,22528,-0.03329616039991379
train/loss,24576,-0.050242748111486435
train/loss,26624,-0.040591850876808167
train/loss,28672,-0.039417486637830734
train/loss,30720,-0.05138818547129631
train/loss,32768,-0.03677767515182495
train/loss,34816,-0.015931902453303337
train/loss,36864,-0.010835153982043266
train/loss,38912,-0.007803912740200758
train/loss,40960,-0.01086681243032217
train/loss,43008,-0.01026028674095869
train/loss,45056,-0.01550960447639227
train/loss,47104,-0.009136317297816277
train/loss,49152,-0.01430558878928423
train/loss,51200,-0.007118426263332367
train/loss,53248,-0.006767548620700836
train/loss,55296,-0.010756687261164188
train/loss,57344,-0.01057926844805479
train/loss,59392,-0.000236691499594599
train/loss,61440,-0.0001424795773345977
train/loss,63488,-0.011992051266133785
train/loss,65536,-8.815352339297533e-05
train/loss,67584,-0.00014432088937610388
train/loss,69632,-1.1584234016481787e-06
train/loss,71680,-0.012113257311284542
train/loss,73728,5.9189096646150574e-05
train/loss,75776,-0.007457864470779896
train/loss,77824,-5.898117524338886e-05
train/loss,79872,-0.012494913302361965
train/loss,81920,-5.295637311064638e-05
train/loss,83968,-0.0005368840647861362
train/loss,86016,2.1294637917890213e-05
train/loss,88064,-2.35783099924447e-05
train/loss,90112,-2.1843734430149198e-05
train/loss,92160,-2.538053013267927e-05
train/loss,94208,-0.012334833852946758
train/loss,96256,5.041234544478357e-05
train/loss,98304,6.5903127506317105e-06
train/loss,100352,-1.6229631000896916e-05
train/loss,102400,-0.0072620464488863945
train/loss,104448,-1.3423123164102435e-05
train/loss,106496,8.736197196412832e-05
train/loss,108544,-6.770320032956079e-05
train/loss,110592,-8.93480028025806e-05
train/loss,112640,-1.0735690921137575e-05
train/loss,114688,-1.8959945009555668e-05
train/loss,116736,-1.0654381185304374e-05
train/loss,118784,-2.9302580514922738e-05
train/loss,120832,-4.124844781472348e-05
train/loss,122880,-4.715248360298574e-05
train/loss,124928,-2.847680661943741e-05
train/loss,126976,-1.6157515347003937e-05
train/loss,129024,7.014508810243569e-06
train/loss,131072,6.603144720429555e-05
train/loss,133120,-2.068683534162119e-05
train/loss,135168,3.57603385054972e-05
train/loss,137216,-4.2130805013584904e-06
train/loss,139264,-5.005158527637832e-06
train/loss,141312,-5.081147264718311e-06
train/loss,143360,-4.938100573781412e-06
train/loss,145408,-4.996289135306142e-06
train/loss,147456,-4.5954757297295146e-06
train/loss,149504,-4.906559297523927e-06
train/loss,151552,-5.115765816299245e-06
train/loss,153600,-5.96019117438118e-06
train/loss,155648,-5.574094757321291e-06
train/loss,157696,-5.277875516185304e-06
train/loss,159744,-4.827000338991638e-06
train/loss,161792,-4.988188720744802e-06
train/loss,163840,-6.057919563318137e-06
train/loss,165888,-5.2670397963083815e-06
train/loss,167936,-4.71878092866973e-06
train/loss,169984,-5.297698862705147e-06
train/loss,172032,-5.890703050681623e-06
train/loss,174080,5.142264853930101e-05
train/loss,176128,-4.41714792032144e-06
train/loss,178176,-5.510835762834176e-06
train/loss,180224,-5.1024053391302004e-06
train/loss,182272,-0.008843375369906425
train/loss,184320,-5.2803909056819975e-05
train/loss,186368,-1.707126102701295e-05
train/loss,188416,-3.661312803160399e-06
train/loss,190464,-4.239620466250926e-06
train/loss,192512,-4.336762685852591e-06
train/loss,194560,-4.336346137279179e-06
train/loss,196608,-4.142767465964425e-06
train/loss,198656,1.530677945993375e-05
train/loss,200704,-5.760167823609663e-06
train/loss,202752,-4.011718829133315e-06
train/loss,204800,-6.215602297743317e-06
train/loss,206848,-5.1532483666960616e-06
train/loss,208896,-4.308265943109291e-06
train/loss,210944,8.116065873764455e-05
train/loss,212992,-2.367968136240961e-06
train/loss,215040,-2.575459348008735e-06
train/loss,217088,-2.607037913548993e-06
train/loss,219136,-2.599530944280559e-06
train/loss,221184,-2.6514005639910465e-06
train/loss,223232,-2.6343579975218745e-06
train/loss,225280,-2.6771801913128e-06
train/loss,227328,-2.5386293600604404e-06
train/loss,229376,-2.7772759949584724e-06
train/loss,231424,-2.7445041723694885e-06
train/loss,233472,-2.7084963676315965e-06
train/loss,235520,-2.575005282778875e-06
train/loss,237568,-2.6782531676872168e-06
train/loss,239616,-2.704203325265553e-06
train/loss,241664,-2.7403555122873513e-06
train/loss,243712,-2.6402085495647043e-06
train/loss,245760,-2.2490635274152737e-06
train/loss,247808,-2.338316335226409e-06
train/loss,249856,-2.2904023353476077e-06
train/loss,251904,-2.0948800738551654e-06
train/loss,253952,-2.2356755380315008e-06
train/loss,256000,-2.239193690911634e-06
train/loss,258048,-2.1978933091304498e-06
train/loss,260096,-2.282512241436052e-06
train/loss,262144,-2.2415269995690323e-06
train/loss,264192,-2.282782588736154e-06
train/loss,266240,-2.3446621071343543e-06
train/loss,268288,-2.1433920665003825e-06
train/loss,270336,-2.29523084271932e-06
train/loss,272384,-2.1486553123395424e-06
train/loss,274432,-2.3131635771278525e-06
train/loss,276480,-2.2480267034552526e-06
train/loss,278528,-2.236145519418642e-06
train/loss,280576,-2.288622454216238e-06
train/loss,282624,-2.2188523871591315e-06
train/loss,284672,-2.1923010535829235e-06
train/loss,286720,-2.3113593670132104e-06
train/loss,288768,-2.1929320155322785e-06
train/loss,290816,-2.1859173102711793e-06
train/loss,292864,-2.1195025965425884e-06
train/loss,294912,-2.1865105281904107e-06
train/loss,296960,-2.2155893475428456e-06
train/loss,299008,-2.253680577268824e-06
train/loss,301056,-2.257877440570155e-06
train/policy_gradient_loss,4096,-0.012530018575489521
train/policy_gradient_loss,6144,-0.016244620084762573
train/policy_gradient_loss,8192,-0.01904137060046196
train/policy_gradient_loss,10240,-0.02881832793354988
train/policy_gradient_loss,12288,-0.020857734605669975
train/policy_gradient_loss,14336,-0.022778963670134544
train/policy_gradient_loss,16384,-0.027091428637504578
train/policy_gradient_loss,18432,-0.026229258626699448
train/policy_gradient_loss,20480,-0.03065062128007412
train/policy_gradient_loss,22528,-0.03307056054472923
train/policy_gradient_loss,24576,-0.0363602451980114
train/policy_gradient_loss,26624,-0.0371052511036396
train/policy_gradient_loss,28672,-0.03533877432346344
train/policy_gradient_loss,30720,-0.03433142602443695
train/policy_gradient_loss,32768,-0.032254792749881744
train/policy_gradient_loss,34816,-0.019061598926782608
train/policy_gradient_loss,36864,-0.012921766377985477
train/policy_gradient_loss,38912,-0.010856191627681255
train/policy_gradient_loss,40960,-0.00970873236656189
train/policy_gradient_loss,43008,-0.005486226174980402
train/policy_gradient_loss,45056,-0.00721976300701499
train/policy_gradient_loss,47104,-0.00483787851408124
train/policy_gradient_loss,49152,-0.007811278570443392
train/policy_gradient_loss,51200,-0.008955306373536587
train/policy_gradient_loss,53248,-0.004190344829112291
train/policy_gradient_loss,55296,-0.009921003133058548
train/policy_gradient_loss,57344,-0.005507349967956543
train/policy_gradient_loss,59392,-7.383183401543647e-05
train/policy_gradient_loss,61440,-0.0040722996927797794
train/policy_gradient_loss,63488,-0.004345040302723646
train/policy_gradient_loss,65536,-1.087504188035382e-05
train/policy_gradient_loss,67584,-6.447164196288213e-05
train/policy_gradient_loss,69632,-0.0042401705868542194
train/policy_gradient_loss,71680,-0.0033291266299784184
train/policy_gradient_loss,73728,-0.0016675360966473818
train/policy_gradient_loss,75776,-0.002851856406778097
train/policy_gradient_loss,77824,-1.6744705135351978e-05
train/policy_gradient_loss,79872,-0.002830824814736843
train/policy_gradient_loss,81920,-1.3614978342957329e-05
train/policy_gradient_loss,83968,-0.00013713547377847135
train/policy_gradient_loss,86016,-0.00241027376614511
train/policy_gradient_loss,88064,-1.6988312836474506e-06
train/policy_gradient_loss,90112,-1.395694539496617e-06
train/policy_gradient_loss,92160,-3.270871729910141e-06
train/policy_gradient_loss,94208,-0.0021250599529594183
train/policy_gradient_loss,96256,-0.0022709344048053026
train/policy_gradient_loss,98304,-0.0027121389284729958
train/policy_gradient_loss,100352,-2.647102519404143e-06
train/policy_gradient_loss,102400,-0.0010053745936602354
train/policy_gradient_loss,104448,-1.2973353022971423e-06
train/policy_gradient_loss,106496,-0.00241612340323627
train/policy_gradient_loss,108544,-2.481056799297221e-05
train/policy_gradient_loss,110592,-3.623453085310757e-05
train/policy_gradient_loss,112640,-0.0009514358243905008
train/policy_gradient_loss,114688,-4.375536718725925e-06
train/policy_gradient_loss,116736,-5.191308218854829e-07
train/policy_gradient_loss,118784,-6.742006917193066e-06
train/policy_gradient_loss,120832,-1.2976117432117462e-05
train/policy_gradient_loss,122880,-1.6964220776571892e-05
train/policy_gradient_loss,124928,-6.208644663274754e-06
train/policy_gradient_loss,126976,-1.1878728400915861e-06
train/policy_gradient_loss,129024,-0.0015450045466423035
train/policy_gradient_loss,131072,-0.0011597046395763755
train/policy_gradient_loss,133120,-3.859386197291315e-06
train/policy_gradient_loss,135168,-0.0021910732612013817
train/policy_gradient_loss,137216,-3.9604493906608695e-08
train/policy_gradient_loss,139264,-2.5500921196908166e-07
train/policy_gradient_loss,141312,-2.247950732225945e-07
train/policy_gradient_loss,143360,-2.9728690265073965e-07
train/policy_gradient_loss,145408,-2.6596825364322285e-07
train/policy_gradient_loss,147456,-4.9534719437360764e-08
train/policy_gradient_loss,149504,-2.677261434769207e-08
train/policy_gradient_loss,151552,-2.1257146443076635e-07
train/policy_gradient_loss,153600,-3.710811142809689e-07
train/policy_gradient_loss,155648,-3.2876559430405905e-07
train/policy_gradient_loss,157696,-3.1233065556079964e-07
train/policy_gradient_loss,159744,-1.1392840093549239e-07
train/policy_gradient_loss,161792,-8.506176385481012e-08
train/policy_gradient_loss,163840,-5.436595529317856e-07
train/policy_gradient_loss,165888,-1.3297248813159968e-07
train/policy_gradient_loss,167936,-1.22329225860085e-07
train/policy_gradient_loss,169984,-2.5812769877120445e-07
train/policy_gradient_loss,172032,-3.222463362817507e-07
train/policy_gradient_loss,174080,-0.0027981733437627554
train/policy_gradient_loss,176128,-2.0698207947589253e-07
train/policy_gradient_loss,178176,-7.735449116808013e-07
train/policy_gradient_loss,180224,-4.232016976857267e-07
train/policy_gradient_loss,182272,-0.0022004321217536926
train/policy_gradient_loss,184320,-1.6836338545545004e-05
train/policy_gradient_loss,186368,-0.0011595006799325347
train/policy_gradient_loss,188416,-7.73841719592383e-08
train/policy_gradient_loss,190464,-2.3512693303473498e-07
train/policy_gradient_loss,192512,-2.9274377766341786e-07
train/policy_gradient_loss,194560,-2.730026551489573e-07
train/policy_gradient_loss,196608,-1.6368285571388697e-07
train/policy_gradient_loss,198656,-0.001727956347167492
train/policy_gradient_loss,200704,-1.2584554269778891e-06
train/policy_gradient_loss,202752,-1.0974472530733692e-07
train/policy_gradient_loss,204800,-9.586307214703993e-07
train/policy_gradient_loss,206848,-7.517984954574786e-07
train/policy_gradient_loss,208896,-3.266148382863321e-07
train/policy_gradient_loss,210944,-0.0022048454266041517
train/policy_gradient_loss,212992,-3.141030902042985e-08
train/policy_gradient_loss,215040,-7.186172013007308e-08
train/policy_gradient_loss,217088,-2.6542693376541138e-08
train/policy_gradient_loss,219136,-8.369097770355438e-08
train/policy_gradient_loss,221184,-1.0791991655878519e-07
train/policy_gradient_loss,223232,-1.3865064651952252e-08
train/policy_gradient_loss,225280,-1.0461953792173517e-07
train/policy_gradient_loss,227328,2.3588655473361086e-09
train/policy_gradient_loss,229376,-4.721514557104456e-08
train/policy_gradient_loss,231424,-1.109903706719706e-07
train/policy_gradient_loss,233472,-5.6473073328788814e-08
train/policy_gradient_loss,235520,-4.9575465510542926e-08
train/policy_gradient_loss,237568,-4.805333375657028e-08
train/policy_gradient_loss,239616,-2.8185604961095123e-08
train/policy_gradient_loss,241664,-5.102483413566006e-08
train/policy_gradient_loss,243712,-3.0308729748185215e-08
train/policy_gradient_loss,245760,-0.0009924140758812428
train/policy_gradient_loss,247808,-9.922951349494724e-09
train/policy_gradient_loss,249856,-7.315539107821678e-08
train/policy_gradient_loss,251904,-3.512832336127758e-08
train/policy_gradient_loss,253952,-3.282330141018974e-08
train/policy_gradient_loss,256000,3.106833901256323e-09
train/policy_gradient_loss,258048,1.5378464723880825e-08
train/policy_gradient_loss,260096,-3.891182043247454e-09
train/policy_gradient_loss,262144,-2.9211514984694986e-08
train/policy_gradient_loss,264192,-1.3937824228094087e-08
train/policy_gradient_loss,266240,-3.887980781769329e-08
train/policy_gradient_loss,268288,-9.406358358887701e-09
train/policy_gradient_loss,270336,-3.1736270500459796e-08
train/policy_gradient_loss,272384,1.4435499462450707e-09
train/policy_gradient_loss,274432,-1.7212006042655048e-08
train/policy_gradient_loss,276480,-4.4330953130611306e-08
train/policy_gradient_loss,278528,-1.8315768457455306e-08
train/policy_gradient_loss,280576,-3.61236729418124e-08
train/policy_gradient_loss,282624,-3.732857223326391e-08
train/policy_gradient_loss,284672,-2.4987093283357353e-08
train/policy_gradient_loss,286720,-1.8291757442057133e-08
train/policy_gradient_loss,288768,-9.150244117961392e-09
train/policy_gradient_loss,290816,-5.9604645663569045e-09
train/policy_gradient_loss,292864,-5.375477396540873e-09
train/policy_gradient_loss,294912,2.1245796788527116e-10
train/policy_gradient_loss,296960,-3.217428545809753e-09
train/policy_gradient_loss,299008,2.4156179279088974e-09
train/policy_gradient_loss,301056,-1.949956640601158e-09
train/value_loss,4096,0.1753746122121811
train/value_loss,6144,0.0650421753525734
train/value_loss,8192,0.05584115907549858
train/value_loss,10240,0.05241509899497032
train/value_loss,12288,0.04502968490123749
train/value_loss,14336,0.037869855761528015
train/value_loss,16384,0.03744027018547058
train/value_loss,18432,0.031460754573345184
train/value_loss,20480,0.029924847185611725
train/value_loss,22528,0.023642033338546753
train/value_loss,24576,0.02019893191754818
train/value_loss,26624,0.016801899299025536
train/value_loss,28672,0.013982991687953472
train/value_loss,30720,0.01081310585141182
train/value_loss,32768,0.011066125705838203
train/value_loss,34816,0.006542864255607128
train/value_loss,36864,0.00518144341185689
train/value_loss,38912,0.002224766416475177
train/value_loss,40960,0.0030799550004303455
train/value_loss,43008,0.0004870455013588071
train/value_loss,45056,0.0008488803869113326
train/value_loss,47104,0.0003555470611900091
train/value_loss,49152,0.001016001682728529
train/value_loss,51200,0.001464738743379712
train/value_loss,53248,0.00026375820743851364
train/value_loss,55296,9.477506068833463e-07
train/value_loss,57344,0.00048010837053880095
train/value_loss,59392,3.580428483473952e-06
train/value_loss,61440,0.0003901027957908809
train/value_loss,63488,0.0002116810210281983
train/value_loss,65536,8.959892511484213e-06
train/value_loss,67584,1.9034761322700433e-08
train/value_loss,69632,0.00018314828048460186
train/value_loss,71680,0.0002838014916051179
train/value_loss,73728,0.00012153823627159
train/value_loss,75776,0.00036136351991444826
train/value_loss,77824,5.663188858306967e-06
train/value_loss,79872,0.0003460700099822134
train/value_loss,81920,2.581110493338201e-06
train/value_loss,83968,7.47734851813675e-09
train/value_loss,86016,1.4038715789865819e-06
train/value_loss,88064,4.112036933179297e-09
train/value_loss,90112,2.011197458573477e-11
train/value_loss,92160,7.380315976412977e-14
train/value_loss,94208,0.00011843135143863037
train/value_loss,96256,0.0006686763372272253
train/value_loss,98304,0.00017896309145726264
train/value_loss,100352,1.1938894886043272e-06
train/value_loss,102400,9.228875569533557e-05
train/value_loss,104448,2.365125055803219e-06
train/value_loss,106496,0.0009340213728137314
train/value_loss,108544,1.0693333024391904e-05
train/value_loss,110592,3.536102610723901e-08
train/value_loss,112640,2.7001947273674887e-06
train/value_loss,114688,8.240421678351595e-09
train/value_loss,116736,4.812540990717373e-11
train/value_loss,118784,2.92925609441351e-14
train/value_loss,120832,4.981518500382209e-15
train/value_loss,122880,7.963541189871283e-15
train/value_loss,124928,7.027711661173946e-15
train/value_loss,126976,8.089948151754778e-15
train/value_loss,129024,0.0006039715954102576
train/value_loss,131072,0.000154667446622625
train/value_loss,133120,2.394167495367583e-06
train/value_loss,135168,0.0001624646392883733
train/value_loss,137216,2.523338480386883e-06
train/value_loss,139264,1.3645233387649114e-08
train/value_loss,141312,2.1101397018608026e-10
train/value_loss,143360,1.4421457734600795e-12
train/value_loss,145408,8.560015015064183e-15
train/value_loss,147456,4.830543347863602e-15
train/value_loss,149504,9.433859943230871e-15
train/value_loss,151552,1.3161943323430902e-14
train/value_loss,153600,6.289478401928566e-15
train/value_loss,155648,8.353517699886005e-15
train/value_loss,157696,4.453100384369402e-15
train/value_loss,159744,5.993632239825741e-15
train/value_loss,161792,1.0902813279479485e-14
train/value_loss,163840,8.733172266405485e-15
train/value_loss,165888,1.4891408418871155e-14
train/value_loss,167936,1.1615676207888705e-14
train/value_loss,169984,1.5663924489623705e-14
train/value_loss,172032,1.2782212523946169e-14
train/value_loss,174080,0.0001405211805831641
train/value_loss,176128,7.676801033085212e-06
train/value_loss,178176,7.39017096407224e-08
train/value_loss,180224,1.2868891507977764e-09
train/value_loss,182272,0.0007168323500081897
train/value_loss,184320,2.7921287255594507e-05
train/value_loss,186368,0.00010168939479626715
train/value_loss,188416,1.6868673355929786e-06
train/value_loss,190464,1.542272443089132e-08
train/value_loss,192512,3.8085545828181466e-10
train/value_loss,194560,4.312726933387856e-13
train/value_loss,196608,6.953639053453031e-15
train/value_loss,198656,0.0003369975311215967
train/value_loss,200704,5.0937774176418316e-06
train/value_loss,202752,5.821404691630505e-09
train/value_loss,204800,1.652689270159602e-11
train/value_loss,206848,2.188574909950565e-14
train/value_loss,208896,8.468703169284275e-15
train/value_loss,210944,0.00021036005637142807
train/value_loss,212992,2.993582711496856e-06
train/value_loss,215040,6.420061282597089e-08
train/value_loss,217088,2.833856260764378e-09
train/value_loss,219136,1.4695808805975652e-11
train/value_loss,221184,3.990592443081295e-14
train/value_loss,223232,1.0079459138265679e-14
train/value_loss,225280,7.209315948581742e-15
train/value_loss,227328,7.874668798979467e-15
train/value_loss,229376,6.668331251763471e-15
train/value_loss,231424,6.317700269181659e-15
train/value_loss,233472,8.416195596883981e-15
train/value_loss,235520,5.081406131236593e-15
train/value_loss,237568,7.394627275683196e-15
train/value_loss,239616,6.367736199441865e-15
train/value_loss,241664,6.5662536172239605e-15
train/value_loss,243712,4.8537672972114206e-15
train/value_loss,245760,9.036457413458265e-07
train/value_loss,247808,3.3545268784962445e-09
train/value_loss,249856,2.548977348637571e-11
train/value_loss,251904,3.818558018614873e-14
train/value_loss,253952,1.0518669438339557e-14
train/value_loss,256000,7.779464836806926e-15
train/value_loss,258048,7.707137540473828e-15
train/value_loss,260096,3.498319340510198e-15
train/value_loss,262144,6.561905797105704e-15
train/value_loss,264192,4.7133089057659235e-15
train/value_loss,266240,5.345713021548404e-15
train/value_loss,268288,7.356637000965893e-15
train/value_loss,270336,6.394504981673942e-15
train/value_loss,272384,5.803983680517872e-15
train/value_loss,274432,5.265807321436222e-15
train/value_loss,276480,5.5591814178824854e-15
train/value_loss,278528,5.2245424173448345e-15
train/value_loss,280576,5.345507192542221e-15
train/value_loss,282624,3.720895035093158e-15
train/value_loss,284672,4.2465488590825995e-15
train/value_loss,286720,3.0310282041689455e-15
train/value_loss,288768,3.4419624268811067e-15
train/value_loss,290816,3.864161764275276e-15
train/value_loss,292864,2.3718222718694445e-15
train/value_loss,294912,1.33836086693538e-15
train/value_loss,296960,2.8091028191312402e-15
train/value_loss,299008,2.661607913234665e-15
train/value_loss,301056,1.1237755517812253e-16
