sim_time_s,known_m2,decisions,failed_goals
0.0,4.25,0,0
1.0,4.25,2,0
2.0,4.25,2,0
3.0,4.25,2,0
4.0,4.25,2,0
5.0,4.25,2,0
6.0,9.92,2,0
7.0,9.92,2,0
8.0,9.92,2,0
9.0,9.92,2,0
10.0,9.92,2,0
11.0,9.92,2,0
12.0,9.92,2,0
13.0,9.92,2,0
14.0,13.49,2,0
15.0,13.49,2,0
16.0,13.49,2,0
17.0,13.49,2,0
18.0,13.49,2,0
19.0,13.49,2,0
20.0,13.49,2,0
21.0,13.49,2,0
22.0,13.49,2,0
23.0,13.49,2,0
24.0,13.49,2,0
25.0,13.49,2,0
26.0,13.49,2,0
27.0,13.49,2,0
28.0,13.49,2,0
29.0,13.49,2,0
30.0,13.49,2,0
31.0,13.49,2,0
32.0,13.49,2,0
33.0,13.49,2,0
34.0,13.49,2,0
35.0,13.49,2,0
36.0,13.49,2,0
37.0,13.49,2,0
38.0,13.49,2,0
39.0,13.49,2,0
40.0,13.49,2,0
41.0,13.49,2,0
42.0,13.49,2,0
43.0,13.49,2,0
44.0,13.49,2,0
45.0,13.49,2,0
46.0,13.49,2,0
47.0,13.49,2,0
48.0,13.49,2,0
49.0,13.49,2,0
50.0,13.49,2,0
51.0,13.49,2,0
52.0,13.49,2,0
53.0,13.49,2,0
54.0,13.49,2,0
55.0,13.49,2,0
56.0,13.49,2,0
57.0,13.49,2,0
58.0,13.49,2,0
59.0,13.49,2,0
60.0,13.49,2,0
61.0,14.73,2,0
62.0,14.73,2,0
63.0,14.73,2,0
64.0,14.73,2,0
65.0,14.73,3,0
66.0,14.73,3,0
67.0,14.73,3,0
68.0,14.73,3,0
69.0,14.73,3,0
70.0,15.29,3,0
71.0,15.29,3,0
72.0,15.29,3,0
73.0,15.29,3,0
74.0,15.29,3,0
75.0,15.29,3,0
76.0,15.29,3,0
77.0,15.29,3,0
78.0,16.91,3,0
79.0,16.91,3,0
80.0,16.91,3,0
81.0,16.91,3,0
82.0,16.91,3,0
83.0,16.91,3,0
84.0,16.91,3,0
85.0,16.91,3,0
86.0,16.91,3,0
87.0,18.0,3,0
88.0,18.0,3,0
89.0,18.0,3,0
90.0,18.0,3,0
91.0,18.0,3,1
92.0,18.0,4,1
93.0,18.0,4,1
94.0,18.0,4,1
95.0,18.0,4,1
96.0,18.0,4,1
97.0,18.0,4,1
98.0,18.0,5,1
99.0,18.0,5,1
100.0,18.0,5,1
101.0,18.0,5,1
102.0,18.0,5,1
103.0,18.0,5,1
104.0,18.0,5,1
105.0,18.87,5,1
106.0,18.87,5,1
107.0,18.87,5,1
108.0,18.87,5,1
109.0,18.87,5,1
110.0,18.87,5,1
111.0,18.87,5,1
112.0,18.87,5,1
113.0,18.87,5,1
114.0,18.87,5,1
115.0,19.43,5,1
116.0,19.43,5,1
117.0,19.43,5,1
118.0,19.43,6,1
119.0,19.43,6,1
120.0,19.43,6,1
121.0,19.43,6,1
122.0,19.43,6,1
123.0,19.43,6,1
124.0,20.14,6,1
125.0,20.14,6,1
126.0,20.14,6,1
127.0,20.14,6,1
128.0,20.14,6,1
129.0,21.4,6,1
130.0,21.4,6,1
131.0,21.4,6,1
132.0,21.4,6,1
133.0,21.4,6,1
134.0,21.4,8,1
135.0,21.4,8,1
136.0,21.4,8,1
137.0,21.4,8,1
138.0,21.4,8,1
139.0,21.4,8,1
140.0,21.4,8,1
141.0,21.4,8,1
142.0,21.4,8,1
143.0,21.4,8,1
144.0,21.4,8,1
145.0,21.4,8,1
146.0,23.04,8,1
147.0,23.04,8,1
148.0,23.04,8,1
149.0,23.04,8,1
150.0,23.04,8,1
151.0,23.04,8,1
152.0,23.04,8,1
153.0,23.04,8,1
154.0,23.04,8,1
155.0,23.79,8,1
156.0,23.79,8,1
157.0,23.79,8,1
158.0,23.79,8,1
159.0,23.79,8,1
160.0,24.52,8,1
161.0,24.52,8,1
162.0,24.52,8,1
163.0,24.52,8,1
164.0,24.52,8,1
165.0,24.52,8,1
166.0,24.52,8,1
167.0,24.52,9,1
168.0,24.53,9,1
169.0,24.53,9,1
170.0,24.53,9,1
171.0,24.53,9,1
172.0,24.53,9,1
173.0,24.53,9,1
174.0,24.53,9,1
175.0,24.53,9,1
176.0,24.53,9,1
177.0,24.53,9,1
178.0,25.38,9,1
179.0,25.38,10,1
180.0,25.38,10,1
181.0,25.38,10,1
182.0,25.38,10,1
183.0,25.38,10,1
184.0,25.38,10,1
185.0,25.38,10,1
186.0,25.38,10,1
187.0,25.38,10,1
188.0,27.01,10,1
189.0,27.01,10,1
190.0,27.01,10,1
191.0,27.01,11,1
192.0,27.01,11,1
193.0,27.01,11,1
194.0,27.01,11,1
195.0,27.01,11,1
196.0,27.01,11,1
197.0,27.01,11,1
198.0,27.9,11,1
199.0,27.9,11,1
200.0,27.9,11,1
201.0,27.9,11,1
202.0,27.9,11,1
203.0,27.9,11,1
204.0,27.9,11,1
205.0,27.9,11,1
206.0,27.9,11,1
207.0,29.1,11,1
208.0,29.1,11,1
209.0,29.1,11,1
210.0,29.1,12,1
211.0,29.1,12,1
212.0,29.1,12,1
213.0,29.1,12,1
214.0,29.1,12,1
215.0,29.1,12,1
216.0,32.48,12,1
217.0,32.48,12,1
218.0,32.48,12,1
219.0,32.48,12,1
220.0,32.48,12,1
221.0,32.48,12,1
222.0,32.48,12,1
223.0,32.48,12,1
224.0,32.48,12,1
225.0,33.12,12,1
226.0,33.12,12,1
227.0,33.12,12,1
228.0,33.12,13,1
229.0,33.12,14,1
230.0,33.12,14,1
231.0,33.12,14,1
232.0,33.12,14,1
233.0,33.12,14,1
234.0,33.12,14,1
235.0,36.23,14,1
236.0,36.23,14,1
237.0,36.23,14,1
238.0,36.23,14,1
239.0,36.23,14,1
240.0,36.23,14,1
